PDB<BR>ID,TCR<BR>Name,MHC<BR>Name,Species,Epitope,TRAV<BR>gene,TRBV<BR>gene,Docking<BR>angle (&deg;),Incident<BR>angle (&deg;),Buried<BR>surface<BR>area (Ã…<sup>2</sup>),Shape<BR>complementarity,Affinity/<BR>Mutations<BR>(ATLAS)
1AO7,A6,HLA-A*02:01,Human,LLFGYPVYV,TRAV12-2,TRBV6-5,33.5,11,1964,0.64,199
1BD2,B7,HLA-A*02:01,Human,LLFGYPVYV,TRAV29/DV5,TRBV6-5,48.5,11.8,1871.4,0.64,22
1FO0,nameless1,H2-Kb,Mouse,INFDFNTI,TRAV16,TRBV1,41.3,12.4,1375,0.6,2
1G6R,2C,H2-Kb,Mouse,SIYRYYGL,TRAV9-4,TRBV13-2,22.5,8.5,1847.1,0.49,4
1KJ2,KB5-C20,H2-Kb,Mouse,KVITFIDL,TRAV14-1,TRBV1,30.6,6.1,1821.1,0.56,0
1LP9,AHIII,HLA-A*02:01,Mouse,ALWGFFPVL,TRAV12D-2,TRBV13-3,67.3,2.1,1979.8,0.71,1
1MI5,LC13,HLA-B*08:01,Human,FLRGRAYGL,TRAV26-2,TRBV7-8,42.3,12,2235.4,0.61,49
1MWA,2C,H2-Kbm3,Mouse,EQYKFYSV,TRAV9-4,TRBV13-2,22.5,8.7,2020.2,0.62,1
1NAM,BM3.3,H2-Kb,Mouse,RGYVYQGL,TRAV16,TRBV1,40,11.6,1612.9,0.6,1
1OGA,JM22,HLA-A*02:01,Human,GILGFVFTL,TRAV27,TRBV19,61.9,7.5,1564.3,0.63,0
1QRN,A6,HLA-A*02:01,Human,LLFGYAVYV,TRAV12-2,TRBV6-5,32.4,11.1,1974,0.61,1
1QSE,A6,HLA-A*02:01,Human,LLFGYPRYV,TRAV12-2,TRBV6-5,35.8,12.5,1984,0.66,1
1QSF,A6,HLA-A*02:01,Human,LLFGYPVAV,TRAV12-2,TRBV6-5,34.1,13.1,1817.2,0.61,1
2AK4,SB27,HLA-B*35:05,Human,LPEPLPQGQLTAY,TRAV19,TRBV6-1,70.2,8.5,1848.9,0.72,54
2BNQ,1G4,HLA-A*02:01,Human,SLLMWITQV,TRAV21,TRBV6-5,69.3,15.2,2082.5,0.75,1
2BNR,1G4,HLA-A*02:01,Human,SLLMWITQC,TRAV21,TRBV6-5,69.4,15.5,2077.7,0.72,41
2CKB,2C,H2-K1,Mouse,EQYKFYSV,TRAV9-4,TRBV13-2,22.3,7.9,1980.5,0.41,0
2E7L,2C*,H2-Ld,Mouse,QLSPFPFDL,TRAV9-4,TRBV13-2,44.6,6.5,1868.2,0.68,0
2ESV,KK50.4,HLA-E,Human,VMAPRTLIL,TRAV26-1,TRBV14,38.9,6.3,1998.7,0.68,9
2F53,1G4*,HLA-A*02:01,Human,SLLMWITQC,TRAV21,TRBV6-5,65.9,16.5,1938.6,0.77,1
2F54,1G4*,HLA-A*02:01,Human,SLLMWITQC,TRAV21,TRBV6-5,66.6,16,2079,0.72,9
2GJ6,A6,HLA-A*02:01,Human,LLFGKPVYV,TRAV12-2,TRBV6-5,34.8,11,1911.8,0.72,0
2J8U,AHIII,HLA-A*02:01*,Mouse,ALWGFFPVL,TRAV12D-2,TRBV13-3,68.1,2.1,2004,0.54,0
2JCC,AHIII,HLA-A*02:01*,Mouse,ALWGFFPVL,TRAV12D-2,TRBV13-3,67,1.7,1947,0.67,0
2NX5,ELS4,HLA-B*35:01,Human,EPLPQGQLTAY,TRAV1-2,TRBV10-3,55.6,6.7,2108.2,0.68,0
2OI9,2C,H2-Ld,Mouse,QLSPFPFDL,TRAV9-4,TRBV13-2,47.9,8.1,1715.1,0.72,1
2OL3,BM3.3,H2-Kbm8,Mouse,SQYYYNSL,TRAV16,TRBV1,42.3,14.2,1536.5,0.61,2
2P5E,1G4*,HLA-A*02:01,Human,SLLMWITQC,TRAV21,TRBV6-5,66.3,17,2073.7,0.76,1
2P5W,1G4*,HLA-A*02:01,Human,SLLMWITQC,TRAV21,TRBV6-5,65.7,16.8,2073.8,0.78,1
2PYE,1G4*,HLA-A*02:01,Human,SLLMWITQC,TRAV21,TRBV6-5,65.4,16.5,1912.4,0.75,0
2UWE,AHIII,HLA-A*02:01*,Mouse,ALWGFFPVL,TRAV12D-2,TRBV13-3,67.7,1,1980,0.71,0
2VLJ,JM22,HLA-A*02:01,Human,GILGFVFTL,TRAV27,TRBV19,60.6,4.4,1507.3,0.6,23
2VLK,JM22,HLA-A*02:01,Human,GILGFVFTL,TRAV27,TRBV19,61.5,4.2,1582.4,0.61,0
2VLR,JM22*,HLA-A*02:01,Human,GILGFVFTL,TRAV27,TRBV19,60.6,5.2,1591.1,0.62,1
2YPL,AGA,HLA-B*57:01,Human,KAFSPEVIPMF,TRAV5,TRBV19,26.7,3,1518.3,0.81,0
3D39,A6,HLA-A*02:01,Human,LLFGFPVYV,TRAV12-2,TRBV6-5,35.4,12.4,1754.9,0.71,0
3D3V,A6,HLA-A*02:01,Human,LLFGFPVYV,TRAV12-2,TRBV6-5,34.7,11.8,1770.7,0.76,0
3DXA,DM1,HLA-B*44:05,Human,EENLLDFVRF,TRAV26-1,TRBV7-9,57.3,8.6,2043.9,0.59,4
3E2H,2C*,H2-Ld,Mouse,QLSPFPFDL,TRAV9-4,TRBV13-2,46.1,8.6,1766.6,0.59,1
3E3Q,2C*,H2-Ld,Mouse,QLSPFPFDL,TRAV9-4,TRBV13-2,44.5,7.7,1665.3,0.68,1
3FFC,CF34,HLA-B*08:01,Human,FLRGRAYGL,TRAV14/DV4,TRBV11-2,27.5,3.6,2134.7,0.65,5
3GSN,RA14,HLA-A*02:01,Human,NLVPMVATV,TRAV24,TRBV6-5,39,12.3,1861,0.63,10
3H9S,A6,HLA-A*02:01,Human,MLWGYLQYV,TRAV12-2,TRBV6-5,35.3,14.3,1858.9,0.64,2
3HG1,MEL5,HLA-A*02:01,Human,ELAGIGILTV,TRAV12-2,TRBV30,47.6,9.5,2000.3,0.61,6
3KPR,LC13,HLA-B*44:05,Human,EEYLKAWTF,TRAV26-2,TRBV7-8,41.1,14,2316.9,0.69,3
3KPS,LC13,HLA-B*44:05,Human,EEYLQAFTY,TRAV26-2,TRBV7-8,42.6,13.7,2279.6,0.7,3
3KXF,SB27,HLA-B*35:08,Human,LPEPLPQGQLTAY,TRAV19,TRBV6-1,68.9,13.1,1773.6,0.73,1
3MV7,TK3,HLA-B*35:01,Human,HPVGEADYFEY,TRAV20,TRBV9,41.3,11.2,1870,0.62,12
3MV8,TK3*,HLA-B*35:01,Human,HPVGEADYFEY,TRAV20,TRBV9,40.4,11.5,1883.8,0.61,1
3MV9,TK3*,HLA-B*35:01,Human,HPVGEADYFEY,TRAV20,TRBV9,40.2,11.1,1858.9,0.61,1
3O4L,nameless2,HLA-A*02:01,Human,GLCTLVAML,TRAV5,TRBV20-1,45.9,3.1,2153.5,0.69,6
3PQY,6218,H2-Db,Mouse,SSLENFRAYV,TRAV21/DV12,TRBV29,50.3,18.8,1654.8,0.68,0
3PWP,A6,HLA-A*02:01,Human,LGYGFVNYI,TRAV12-2,TRBV6-5,35.5,12.5,1934.3,0.65,3
3QDG,DMF5,HLA-A*02:01,Human,ELAGIGILTV,TRAV12-2,TRBV6-4,33.3,5.4,2099.4,0.67,23
3QDJ,DMF5,HLA-A*02:01,Human,AAGIGILTV,TRAV12-2,TRBV6-4,33,4.9,2142.7,0.65,22
3QDM,DMF4,HLA-A*02:01,Human,ELAGIGILTV,TRAV35,TRBV10-3,30.4,4.5,1706.3,0.65,1
3QEQ,DMF4,HLA-A*02:01,Human,AAGIGILTV,TRAV35,TRBV10-3,43.8,0.3,1890.4,0.71,1
3QFJ,A6,HLA-A*02:01,Human,LLFGFPVYV,TRAV12-2,TRBV6-5,34.5,12.2,1943.5,0.72,1
3RGV,Yae62,H2-Kb,Mouse,WIYVYRPMGCGGS,TRAV6D-3,TRBV13-2,52,7.7,1593,0.57,1
3SJV,RL42,HLA-B*08:01,Human,FLRGRAYGL,TRAV12-1,TRBV6-2,36.7,3.7,2026.7,0.56,0
3TF7,42F3,H2-Ld,Mouse,QLSPFPFDL,TRAV9D-3,TRBV13-1,50.4,23,1353.2,0.66,1
3TFK,42F3,H2-Ld,Mouse,QLSDVPMDL,TRAV9D-3,TRBV13-1,45.5,25.7,1632.7,0.63,0
3TJH,42F3,H2-Ld,Mouse,SPLDSLWWI,TRAV9D-3,TRBV13-1,23.7,28.7,1627.9,0.6,1
3TPU,42F3,H2-Ld,Mouse,FLSPFWFDI,TRAV9D-3,TRBV13-1,41.9,11.6,2179.7,0.68,1
3UTS,1.00E+06,HLA-A*02:01,Human,ALWGPDPAAA,TRAV12-3,TRBV12-4,36.1,7.9,1311.9,0.74,0
3UTT,1.00E+06,HLA-A*02:01,Human,ALWGPDPAAA,TRAV12-3,TRBV12-4,46.7,9,1391.6,0.61,2
3VXM,C1-28,HLA-A*24:02,Human,RFPLTFGWCF,TRAV8-3,TRBV4-1,48.8,13.6,1910,0.69,2
3VXR,H27-14,HLA-A*24:02,Human,RYPLTFGWCF,TRAV21,TRBV7-9,50.8,8.1,1896.6,0.75,3
3VXS,H27-14,HLA-A*24:02,Human,RYPLTLGWCF,TRAV21,TRBV7-9,53.4,6.9,1937.7,0.77,1
3VXU,T36-5,HLA-A*24:02,Human,RFPLTFGWCF,TRAV12-2,TRBV27,59.5,3.4,2350.3,0.66,2
4EUP,JKF6,HLA-A*02:01,Human,ALGIGILTV,TRAV12-2,TRBV28,31.2,13.2,1858.2,0.67,0
4FTV,A6_c134,HLA-A*02:01,Human,LLFGYPVYV,TRAV12-2,TRBV6-5,32.9,12.1,2097.3,0.74,1
4G8G,C12C,HLA-B*27:05,Human,KRWIILGLNK,TRAV14/DV4,TRBV6-5,41.2,19.8,1813.2,0.66,2
4G9F,C12C,HLA-B*27:05,Human,KRWIIMGLNK,TRAV14/DV4,TRBV6-5,41.6,20.5,1781.4,0.68,1
4JFD,a24b17,HLA-A*02:01,Human,ELAAIGILTV,TRAV12-2,TRBV30,41.9,10.5,2335.6,0.62,1
4JFE,a24b17,HLA-A*02:01,Human,ELAGIGALTV,TRAV12-2,TRBV30,42,10.3,2458.7,0.63,1
4JFF,a24b17,HLA-A*02:01,Human,ELAGIGILTV,TRAV12-2,TRBV30,42.2,10.8,2374.4,0.66,8
4JRX,CA5,HLA-B*35:05,Human,LPEPLPQGQLTAY,TRAV19,TRBV6-1,66.8,12.9,1753.7,0.78,2
4JRY,SB47,HLA-B*35:05,Human,LPEPLPQGQLTAY,TRAV39,TRBV5-6,62.4,24.7,1963.9,0.68,12
4L3E,DMF5*,HLA-A*02:01,Human,ELAGIGILTV,TRAV12-2,TRBV6-4,31.7,2.7,2202.7,0.64,8
4MJI,nameless3,HLA-B*51:01,Human,TAFTIPSI,TRAV17,TRBV7-3,43.5,3.3,2193.1,0.65,1
4MNQ,ILA1a1b1,HLA-A*02:01,Human,ILAKFLHWL,TRAV22,TRBV6-5,42.1,13,2515.9,0.58,26
4MS8,42F3,H2-Ld,Mouse,SPAEAGFFL,TRAV9D-3,TRBV13-1,63.6,17.1,1535,0.67,0
4MVB,42F3,H2-Ld,Mouse,QPAEGGFQL,TRAV9D-3,TRBV13-1,58,13.5,1638.9,0.6,0
4MXQ,42F3,H2-Ld,Mouse,SPAPRPLDL,TRAV9D-3,TRBV13-1,47.5,21.5,1575.3,0.59,0
4N0C,42F3,H2-LD,Mouse,MPAGRPWDL,TRAV9D-3,TRBV13-1,45.3,22,1550.6,0.61,0
4N5E,42F3,H2-Ld,Mouse,VPYMAEFGM,TRAV9D-3,TRBV13-1,45.2,22,1734.2,0.61,0
4NHU,2C*,H2-Ld,Mouse,GGAPWNPAMMI,TRAV9-4,TRBV13-2,93.8,18.9,1488.5,0.69,0
4PRH,TK3,HLA-B*35:08,Human,HPVGDADYFEY,TRAV20,TRBV9,43.2,11.4,1956,0.66,1
4PRI,TK3,HLA-B*35:05,Human,HPVGEADYFEY,TRAV20,TRBV9,41.5,12.2,1963.5,0.66,4
4PRP,TK3,HLA-B*35:01,Human,HPVGQADYFEY,TRAV20,TRBV9,41.3,11.7,1914.2,0.64,0
4QOK,MEL5,HLA-A*02:01,Human,EAAGIGILTV,TRAV12-2,TRBV30,46.9,10.1,2053.6,0.64,1
4QRP,DD31,HLA-B*08:01,Human,HSKKKCDEL,TRAV9-2,TRBV11-2,48.4,19.2,2160.4,0.64,6
4QRR,clone12,HLA-B*35:01,Human,IPSINVHHY,TRDV1,TRBV5-1,39.2,12,2011,0.6,0
5BRZ,MAG-IC3,HLA-A*01:01,Human,EVDPIGHLY,TRAV21,TRBV5-1,57,13.8,1838.7,0.61,0
5BS0,MAG-IC3,HLA-A*01:01,Human,ESDPIVAQY,TRAV21,TRBV5-1,57.3,13,1991,0.67,0
5C07,1.00E+06,HLA-A*02:01,Human,YQFGPDFPIA,TRAV12-3,TRBV12-4,43.3,9.7,1612.2,0.58,0
5C08,1.00E+06,HLA-A*02:01,Human,RQWGPDPAAV,TRAV12-3,TRBV12-4,43.6,10.6,1569,0.61,0
5C09,1.00E+06,HLA-A*02:01,Human,YLGGPDFPTI,TRAV12-3,TRBV12-4,44,9.2,1501.3,0.56,0
5C0A,1.00E+06,HLA-A*02:01,Human,MVWGPDPLYV,TRAV12-3,TRBV12-4,45.5,7.8,1347.1,0.67,0
5C0B,1.00E+06,HLA-A*02:01,Human,RQFGPDFPTI,TRAV12-3,TRBV12-4,44.7,9.6,1658.4,0.52,0
5C0C,1.00E+06,HLA-A*02:01,Human,RQFGPDWIVA,TRAV12-3,TRBV12-4,43.4,9.2,1666.8,0.58,0
5D2L,C7,HLA-A*02:01,Human,NLVPMVATV,TRAV24,TRBV7-2,29,12.8,1860.5,0.59,1
5D2N,C25,HLA-A*02:01,Human,NLVPMVATV,TRAV26-2,TRBV7-6,60.4,9.4,1837.7,0.69,1
5E6I,PF8,HLA-A*02:01,Human,GILGFVFTL,TRAV35,TRBV27,63,2.1,2111.4,0.51,0
5E9D,RD1-MART1high*,HLA-A*02:01,Human,ELAGIGILTV,TRAV12-2,TRBV6-5,40.1,24.6,1383.9,0.62,0
5EU6,PMEL17,HLA-A*02:01,Human,YLEPGPVTV,TRAV21,TRBV7-3,47.5,10.9,1742.5,0.75,0
5EUO,PF6,HLA-A*02:01,Human,GILGFVFTL,TRAV27,TRBV19,64.4,2.3,1786.7,0.55,0
5HHM,JM22,HLA-A*02:01,Human,GILGLVFTL,TRAV27,TRBV19,63.3,4.8,1497.3,0.65,0
5HHO,JM22,HLA-A*02:01,Human,GILEFVFTL,TRAV27,TRBV19,63.7,4.1,1573.8,0.64,0
5HYJ,1.00E+06,HLA-A*02:01,Human,AQWGPDPAAA,TRAV12-3,TRBV12-4,43,12.4,1589.1,0.66,0
5ISZ,LS01,HLA-A*02:01,Human,GILGFVFTL,TRAV24,TRBV19,55.4,6.1,1944.1,0.71,0
5IVX,B4.2.3,H2-Dd,Mouse,RGPGRAFVTI,TRAV14-3,TRBV29,30.2,23.8,1948.4,0.71,0
5JHD,LS10,HLA-A*02:01,Human,GILGFVFTL,TRAV38-2/DV8,TRBV19,47.1,9,2061.6,0.64,0
5JZI,1406,HLA-A*02:01,Human,KLVALGINAV,TRAV38-2/DV8,TRBV25-1,30,17.2,2116.1,0.63,0
5M00,P14,H2-Db,Mouse,KAVANFATM,TRAV14D-1,TRBV13-3,42.5,13.7,1619.7,0.55,0
5M01,P14,H2-Db,Mouse,KAPANFATM,TRAV14D-1,TRBV13-3,42.6,13.6,1692.2,0.6,0
5M02,P14,H2-Db,Mouse,KAPFNFATM,TRAV14D-1,TRBV13-3,41.9,12.8,1683,0.65,0
5MEN,ILA1,HLA-A*02:01,Human,ILAKFLHWL,TRAV22,TRBV6-5,39.8,13,2267.8,0.64,0
5NHT,199.54-16,HLA-A*02:01,Human,ELAGIGILTV,TRAV12-2,TRBV19,33.9,2.8,1803.1,0.67,0
5NME,868,HLA-A*02:01,Human,SLYNTVATL,TRAV12-2,TRBV5-6,51.6,8,2101.9,0.63,0
5NMF,868,HLA-A*02:01,Human,SLYNTIATL,TRAV12-2,TRBV5-6,50.3,9.7,2036.1,0.65,0
5NMG,868,HLA-A*02:01,Human,SLFNTIAVL,TRAV12-2,TRBV5-6,51.7,8.3,2025.7,0.66,0
5NQK,199.16,HLA-A*02:01,Human,ELAGIGILTV,TRAV12-2,TRBV19,36.1,1.6,1795.3,0.64,0
5SWS,NP2-B17,H2-Db,Mouse,ASNENMETM,TRAV14-1,TRBV17,127.8,48.8,1890.8,0.63,0
5SWZ,NP1-B17,H2-Db,Mouse,ASNENMETM,TRAV14-1,TRBV17,127.8,49.6,1927.5,0.69,0
5TEZ,F50,HLA-A*02:01,Human,GILGFVFTL,TRAV13-1,TRBV27,34.6,15.4,1777.4,0.62,0
5TIL,P14,H2-Db,Mouse,KAPYNFATM,TRAV14D-1,TRBV13-3,44.9,13,1647.7,0.7,0
5TJE,P14,H2-Db,Mouse,KAVYNFATM,TRAV14D-1,TRBV13-3,44.4,13.2,1666.5,0.66,0
5W1V,GF4,HLA-E,Human,VMAPRTLIL,TRAV35,TRBV9,68.8,7.1,2120.7,0.7,0
5W1W,GF4,HLA-E,Human,VMAPRTLVL,TRAV35,TRBV9,67.4,8,2105.1,0.72,0
5WKF,nameless4,HLA-A*11:01,Human,GTSGSPIVNR,TRAV30,TRBV11-2,39.1,12.1,1811.5,0.68,0
5WKH,nameless5,HLA-A*11:01,Human,GTSGSPIINR,TRAV30,TRBV11-2,38.7,13,1777.6,0.71,0
5WLG,nameless6,H2-Db,Mouse,SQLLNAKYL,TRAV8-2,TRBV13-3,18.5,4.8,2143.2,0.69,0
5XOT,nameless7,HLA-B*35:01,Human,IPLTEEAEL,TRDV1,TRBV6-1,41.1,8.6,1950.3,0.65,0
5XOV,nameless8,HLA-A*24:02,Human,RYPLTFGWCF,TRDV1,TRBV30,34.1,10.5,1823.7,0.66,0
5YXN,nameless9,HLA-A*02:01,Human,KLVALGINAV,TRAV38-2/DV8,TRBV25-1,32,17.7,2195.2,0.64,0
5YXU,nameless10,HLA-A*02:01,Human,KLVALGINAV,TRAV38-2/DV8,TRBV25-1,33.6,16.4,2072.5,0.55,0
6AM5,DMF5,HLA-A*02:01,Human,SMLGIGIVPV,TRAV12-2,TRBV6-4,32.2,5.6,2061.2,0.63,0
6AMU,DMF5,HLA-A*02:01,Human,MMWDRGLGMM,TRAV12-2,TRBV6-4,35.8,6.4,1713.8,0.72,0
6AVF,KFJ5,HLA-B*07:02,Human,APRGPHGGAASGL,TRAV4,TRBV28,39.5,9.7,1559.4,0.63,0
6AVG,KFJ37,HLA-B*07:02,Human,APRGPHGGAASGL,TRAV4,TRBV9,37.8,5,2322.1,0.67,0
6BJ2,589,HLA-B*35:01,Human,IPLTEEAEL,TRAV19,TRBV5-4,41.1,7.1,2115.4,0.58,0
6BJ3,55,HLA-B*35:01,Human,IPLTEEAEL,TRDV1,TRBV6-1,42,7.5,1899.7,0.7,0
6BJ8,55,HLA-B*35:01,Human,VPLTEDAEL,TRDV1,TRBV6-1,41.8,7.4,1932.2,0.72,0
6D78,DMF5,HLA-A*02:01,Human,AAGIGILTV,TRAV12-2,TRBV6-4,31.9,1.6,2161.5,0.61,0
6DKP,DMF5,HLA-A*02:01,Human,ELAGIGILTV,TRAV12-2,TRBV6-4,31.1,2.9,2188.2,0.65,0
6EQA,Mel5,HLA-A*02:01,Human,AAGIGILTV,TRAV12-2,TRBV30,47.9,8.1,1975.6,0.57,0
6EQB,nameless11,HLA-A*02:01,Human,AAGIGILTV,TRAV12-2,TRBV30,42.1,10.7,2299.7,0.69,0
6G9Q,P14,H2-Db,Mouse,KAPYDYAPI,TRAV14D-1,TRBV13-3,42,13.6,1603.6,0.57,0
6L9L,1D4,H2-Ld,Mouse,SPSYAYHQF,TRAV21/DV12,TRBV13-1,41.1,14.4,1701.3,null,0
6MTM,nameless12,HLA-B*37:01,Human,FEDLRVLSF,TRAV30,TRBV19,49.5,11.5,1785.4,0.69,0
6P64,302TIL,null,Human,KQWLVWLFL,TRAV38-2/DV8,TRBV12-3,41.3,9.7,1635.9,0.72,0
6Q3S,1G4,HLA-A2,Human,SLLMWITQV,TRAV21,TRBV6-5,66.7,15.8,2143.8,0.69,0
6R2L,nameless13,null,Human,SLSKILDTV,TRAV22,TRBV11-2,61.5,39.5,2528,0.69,0
6RP9,NYE_S3,null,Human,SLLMWITQV,TRAV12-2,TRBV7-6,66.8,7.8,1345.3,0.74,0
6RPA,NYE_S2,null,Human,SLLMWITQV,TRAV3,TRBV29-1,73.1,25.1,2196.9,0.7,0
6RPB,NYE_S1,null,Human,SLLMWITQV,TRAV12-2,TRBV6-5,69.9,23.4,1829.2,0.73,0
6RSY,a7b2,null,Human,RMFPNAPYL,TRAV26-1,TRBV7-9,54.4,2.2,2197.2,0.7,0
6TMO,nameless14,HLA-A*02:01,Human,EAAGIGILTV,TRAV12-2,TRBV30,42.6,10.8,2307.5,null,0
6TRO,GVY01,null,Human,GVYDGREHTV,TRAV10,TRBV28,57.8,24.9,1771.5,0.67,0
6UK2,302 TIL,null,Human,KQWLVWLLL,TRAV38-2/DV8,TRBV12-3,30.3,6.3,1855.3,null,0
6UK4,302 TIL,null,Human,KQWLVWLFL,TRAV38-2/DV8,TRBV12-3,30,6.2,1804.9,null,0
6ULN,nameless15,null,Human,GADGVGKSA,TRAV4,TRBV5-6,15.2,8.8,1636,null,0
6ULR,nameless16,null,Human,GADGVGKSA,TRAV4,TRBV5-6,16.1,9.3,1888.6,0.56,0
6UON,nameless17,null,Human,GADGVGKSAL,TRAV12-2,TRBV10-2,62.9,14.8,1517,0.42,0
6UZ1,A6 S3-4,null,Human,LLFGYPVYV,TRAV12-2,TRBV6-5,121.4,75.1,869.1,null,0
6VM7,SILv44,null,Human,ITDQVPFSV,TRAV8-1,TRBV19,27.2,13.4,1845.1,null,0
6VM8,SILv44,null,Human,IMDQVPFSV,TRAV8-1,TRBV19,27.6,12.9,1849.9,null,0
6VM9,T4H2,null,Human,IMDQVPFSV,TRAV12-2,TRBV19,50.6,5.4,1928.6,null,0
6VMA,T4H2,null,Human,ITDQVPFSV,TRAV12-2,TRBV19,52.5,7.6,1766.5,null,0
6VMC,T4H2,null,Human,ILDQVPFSV,TRAV12-2,TRBV19,52.8,8.5,1817.7,null,0
6VMX,HD14,HLA-B*07:02,Human,RPPIFIRRL,TRAV24,TRBV4-1,54.8,8.7,1783.9,null,0
6VQO,1a2,null,Human,HMTEVVRHC,TRAV12-3,TRBV27,29.5,1.3,1474,0.65,0
6VRM,6-Dec,null,Human,HMTEVVRHC,TRAV12-1,TRBV6-1,50.9,19.9,1588.6,0.7,0
6VRN,nameless18,null,Human,HMTEVVRHC,TRAV38-1,TRBV10-3,33.9,26.8,1730.8,0.64,0
6W9V,A-F7,null,Human,NA,TRAV1-2,TRBV6-1,58.7,5.9,2284,null,0
6ZKW,nameless19,null,Human,RLPAKAPLL,TRAV21,TRBV6-5,59.6,19.7,1636.8,null,0
6ZKX,namless20,null,Human,RLPAKAPLLGCG,TRAV21,TRBV6-5,59.7,17.8,1972.3,null,0
6ZKY,nameless21,null,Human,RLPAKAPL,TRAV21,TRBV6-5,59.3,19.6,1601.8,null,0
6ZKZ,nameless22,null,Human,RLPAKAPL,TRAV21,TRBV6-5,59,18.8,1697.3,null,0
7BYD,SN45,null,Human,GGAI,TRAV4,TRBV3-2,36.7,7.9,1800,null,0
7JWI,B17.R2,H2Db,Mouse,ASNENMETM,TRAV14-1,TRBV17,127.1,49.9,1849.6,null,0
7JWJ,B17-C1,H2Db,Mouse,ASNENMETM,TRAV4-4/DV10,TRBV17,15.5,11.8,1514.9,null,0
7N1E,nameless23,HLA-A2,Human,RLQSLQTYV,TRAV16,TRBV11-2,35.6,18.4,1659.4,null,0
7N1F,nameless24,HLA-A2,Human,YLQPRTFLL,TRAV12-2,TRBV7-9,41.1,4.2,1851,null,0
7N6E,nameless25,HLA-A2,Human,YLQPRTFLL,TRAV12-1,TRBV19,62.5,35.3,937,null,0
7RM4,nameless26,null,Human,HMTEVVRHC,TRAV6,TRBV11-2,144.7,18.9,1494.7,null,0
7RTR,YLQ-SG3,null,Human,YLQPRTFLL,TRAV12-2,TRBV7-9,42.2,3.5,1790.7,null,0