"PDB<BR>ID","TCR<BR>Name","MHC<BR>Name","Species","Epitope","TRAV<BR>gene","TRBV<BR>gene","Docking<BR>angle (&deg;)","Incident<BR>angle (&deg;)","Buried<BR>surface<BR>area (Ã…<sup>2</sup>)","Shape<BR>complementarity","Affinity/<BR>Mutations<BR>(ATLAS)"
"1D9K","D10","I-Ak","Mouse","GNSHRGAIEWEGIESG","TRAV14D-2","TRBV13-2","53.4","6.9","1993.3","0.7","0"
"1FYT","HA1.7","HLA-DR1","Human","PKYVKQNTLKLAT","TRAV8-4","TRBV28","47.2","2.8","2086.4","0.56","3"
"1J8H","HA1.7","HLA-DR4","Human","PKYVKQNTLKLAT","TRAV8-4","TRBV28","48.9","1","2111.4","0.56","0"
"1U3H","172.10","I-Au","Mouse","SRGGASQYRPSQ","TRAV14-3","TRBV13-2","43.7","0.7","1904.2","0.62","0"
"1YMM","null","HLA-DR2b","Human","ENPVVHFFKNIVTPR","TRAV17","TRBV20-1","83.5","18","1993.2","0.51","0"
"1ZGL","3A6","HLA-DR2a","Human","VHFFKNIVTPRTPGG","TRAV9-2","TRBV5-1","40.3","8.7","2224.7","0.61","0"
"2IAM","E8","HLA-DR1","Human","GELIGILNAAKVPAD","TRAV22","TRBV6-6","44.4","15.6","2188.7","0.69","0"
"2IAN","E8","HLA-DR1","Human","GELIGTLNAAKVPAD","TRAV22","TRBV6-6","44","15.5","2207.2","0.67","0"
"2PXY","1934.4","I-Au","Mouse","HSRGGASQYRPSQ","TRAV6D-7","TRBV13-2","49.1","3.7","1992.9","0.7","0"
"2WBJ","null","HLA-DR2b","Human","DFARVHFISALHGSG","TRAV17","TRBV20-1","80.3","19.6","2135.3","0.61","0"
"2Z31","cl19","I-Au","Mouse","RGGASQYRPSQ","TRAV6D-7","TRBV13-2","48.9","3.1","1976.8","0.64","0"
"3C5Z","B3K506","I-Ab","Mouse","FEAQKAKANKAVD","TRAV6-7/DV9","TRBV13-3","45.9","11","2224.1","0.56","0"
"3C60","YAe62","I-Ab","Mouse","FEAQKAKANKAVD","TRAV6D-3","TRBV13-2","53.1","6.9","1410.1","0.72","0"
"3C6L","2W20","I-Ab","Mouse","FEAQKAKANKAVD","TRAV14-2","TRBV13-2","44.4","2.4","1819.4","0.64","0"
"3MBE","21.30","I-Ag7","Mouse","GAMKRHGLDNYRGYSLGN","TRAV4-2","TRBV13-3","48.2","15.1","2687.7","0.6","0"
"3O6F","MS2-3C8","HLA-DR4","Human","FSWGAEGQRPGFG","TRAV26-2","TRBV20-1","36.4","6","2038.3","0.64","7"
"3PL6","Hy.1B11","HLA-DQ1","Human","ENPVVHFFKNIVTPR","TRAV13-1","TRBV7-3","25.3","14.3","1628.5","0.62","10"
"3QIB","2B4","I-Ek","Mouse","ADLIAYLKQATKG","TRAV4D-4","TRBV26","36.9","11.8","2567.8","0.72","29"
"3QIU","226","I-Ek","Mouse","ADLIAYLKQATKG","TRAV4D-4","TRBV26","39.4","12.1","2453.3","0.67","3"
"3QIW","226","I-Ek","Mouse","ADLIAYLEQATKG","TRAV4D-4","TRBV26","40.4","11.9","2452.6","0.64","1"
"3RDT","J809.B5","I-Ab","Mouse","FEAQKAKANKAVD","TRAV14D-3/DV8","TRBV13-2","41.4","7.2","1529","0.75","0"
"3T0E","MS2-3C8","HLA-DR4","Human","FSWGAEGQRPGFGSGG","TRAV26-2","TRBV20-1","37.5","7.9","2252.4","0.54","0"
"4E41","G4","HLA-DR1","Human","GELIGILNAAKVPAD","TRAV22","TRBV5-8","45.8","18.4","2055.7","0.48","0"
"4GG6","SP3.4","HLA-DQ8","Human","QQYPSGEGSFQPSQENPQ","TRAV26-2","TRBV9","39.9","6.9","1719.1","0.57","14"
"4GRL","Hy.1B11","HLA-DQ1","Human","DRLLMLFAKDVVSRN","TRAV13-1","TRBV7-3","26.1","14.6","1792.8","0.65","0"
"4H1L","null","HLA-DR52c","Human","QHIRCNIPKRISA","TRAV8-3","TRBV19","56","11.6","2124","0.59","2"
"4MAY","Hy.1B11","HLA-DQ1","Human","RQLVHFVRDFAQL","TRAV13-1","TRBV7-3","25.5","14.3","1692.1","0.67","0"
"4OZF","JR5.1","HLA-DQ2.5","Human","APQPELPYPQPGS","TRAV26-1","TRBV7-2","46.2","13","1723.1","0.68","1"
"4OZG","D2","HLA-DQ2.5","Human","APQPELPYPQPGS","TRAV26-1","TRBV7-2","36.1","6.4","2098.9","0.7","13"
"4OZH","S16","HLA-DQ2.5","Human","APQPELPYPQPGS","TRAV26-1","TRBV7-2","36.2","6","2056.6","0.68","1"
"4OZI","S2","HLA-DQ2.5","Human","QPFPQPELPYPGS","TRAV4","TRBV20-1","46","22","2161.1","0.58","1"
"4P23","J809.B5","I-Ab","Mouse","FEAQKAKANKAVD","TRAV14D-3/DV8","TRBV13-2","41.1","6.7","1568.8","0.74","2"
"4P2O","2B4","I-Ek","Mouse","ADPLAFFSSAIK","TRAV4D-4","TRBV26","40.1","12.7","2248.5","0.64","0"
"4P2Q","5cc7","I-Ek","Mouse","ADGLAYFRSSFK","TRAV4D-4","TRBV26","32.2","15.9","2128.2","0.69","0"
"4P2R","5cc7","I-Ek","Mouse","ANGVAFFLTPFK","TRAV4D-4","TRBV26","32.3","15.5","2003.3","0.65","0"
"4P46","J809.B5*","I-Ab","Mouse","FEAQKAKANKAVD","TRAV14D-3/DV8","TRBV13-2","41.7","7.4","1525.7","0.75","1"
"4P4K","hTCRav22","HLA-DP2","Human","QAFWIDLFETIG","TRAV9-2","TRBV5-1","46.6","24.8","1920","0.57","0"
"4P5T","14.C6","I-Ab","Mouse","FEAQKAKANKAVD","TRAV14D-3/DV8","TRBV13-2","45.3","7.8","1969","0.72","1"
"4Y19","FS18","HLA-DR4","Human","GSLQPLALEGSLQKRGIV","TRAV29/DV5","TRBV6-2","136.9","43.2","1464.6","0.58","0"
"4Y1A","FS17","HLA-DR4","Human","GSLQPLALEGSLQKRGIV","TRAV29/DV5","TRBV6-2","137.6","44.8","1338","0.45","0"
"4Z7U","S13","HLA-DQ8","Human","APSGEGSFQPSQENPQGS","TRAV26-2","TRBV9","37.9","2.5","1913.8","0.72","1"
"4Z7V","L3-12","HLA-DQ8","Human","APSGEGSFQPSQENPQGS","TRAV26-2","TRBV9","39.6","5.1","1849.8","0.7","1"
"4Z7W","T316","HLA-DQ8","Human","APSGEGSFQPSQENPQGS","TRAV8-3","TRBV6-1","46.1","9","2303.4","0.69","1"
"5KS9","Bel502","HLA-DQ8","Human","APSGEGSFQPSQENPQ","TRAV20","TRBV9","39.5","8.5","2229.8","0.65","0"
"5KSA","Bel602","HLA-DQ8","Human","QPQQSFPEQEA","TRAV20","TRBV9","42.1","5.5","1856.6","0.78","0"
"5KSB","T15","HLA-DQ8","Human","GPQQSFPEQEA","TRAV20","TRBV9","33.8","11.8","2033.5","0.72","0"
"6BGA","2B4","I-Ek","Mouse","ADSLSFFSSSIKRGGGSLVP, YVVVPDGTGGGSGSG","TRAV4D-4","TRBV26","36.6","13.8","2474.1","0.72","0"
"6CQL","F24","HLA-DR11","Human","RFYKTLRAEQASQ","TRAV24","TRBV2","34.3","5.5","1822.9","0.71","0"
"6CQN","F5","HLA-DR11","Human","RFYKTLRAEQASQ","TRAV24","TRBV2","33.7","5","1763","0.74","0"
"6CQQ","F24","HLA-DR15","Human","RFYKTLRAEQASQ","TRAV24","TRBV2","35.1","5.3","1806.7","0.69","0"
"6CQR","F24","HLA-DR1","Human","RFYKTLRAEQASQ","TRAV24","TRBV2","31.4","5.6","1957.8","0.68","0"
"6DFS","I.29","H2-A1","Mouse","LVERLYLVCGEEGA","TRAV10","TRBV1","37.7","16.7","1608.3","0.59","0"
"6DFW","null","H2-A1","Mouse","LVERLYLVCGGEG","TRAV5D-4","TRBV13-2","49.4","17.3","1860.5","0.55","0"
"6DFX","null","HLA-DQ1","Human","VEELYLVAGEEGCGGGGSL","TRAV17","TRBV5-1","35.8","1.7","2138.6","0.69","0"
"6MKD","4699","null","Mouse","RVSYYGPKTSPVQ","TRAV14D-3/DV8","TRBV13-2","42","15.3","1493.1","null","0"
"6MKR","5287","null","Mouse","RVSYYGPKTSPVQ","TRAV14D-3/DV8","TRBV13-2","41.6","15.2","1493.2","null","0"
"6MNG","4738","null","Mouse","VSYYGPKTSPVQ","TRAV14D-3/DV8","TRBV13-2","46.6","13.8","1487.9","null","0"
"6MNM","6256","null","Mouse","RVSYYGPKTSPVQ","TRAV14D-3/DV8","TRBV13-2","43.5","14.4","1500.9","null","0"
"6MNN","6236","null","Mouse","RVSYYGPKTSPVQ","TRAV14D-3/DV8","TRBV13-2","46.2","13.5","1482.1","null","0"
"6MNO","6235","null","Mouse","RVSYYGPKTSPVQ","TRAV14D-3/DV8","TRBV13-2","44.5","12.8","1493.1","null","0"
"6PX6","T1005.2.56","null","Human","APFSEQEQPVLG","TRAV21","TRBV7-3","30.8","4","2056","0.63","0"
"6PY2","T594","null","Human","APFSEQEQPVLG","TRAV9-2","TRBV11-2","53.3","14.6","1841.3","0.66","0"
"6R0E","F11","null","Human","PKYVKQNTLKLAT","TRAV8-4","TRBV24-1","48.6","2.9","2002.1","null","0"
"6U3N","LS2.8/3.15","null","Human","APMPMPELPYP","TRAV8-3","TRBV5-5","34.6","12.2","2192.6","0.62","0"
"6U3O","JR5.1","null","Human","AVVQSELPYPEGS","TRAV26-1","TRBV7-2","48.2","8.1","1824.9","0.68","0"
"6V0Y","M141","null","Mouse","GGYPAKAAAT","TRAV6D-6","TRBV4","24","16.7","2008.1","null","0"
"6V13","G08","null","Mouse","GGYRAPAKAAAT","TRAV6-5","TRBV4","25.9","16.4","1720.8","null","0"
"6V15","G08","null","Mouse","GGYPAKAAAT","TRAV6-5","TRBV4","26","16.1","1640","null","0"
"6V18","M141","null","Mouse","GGYRAPAKAAAT","TRAV6D-6","TRBV4","24","16.6","2052.5","null","0"
"6V19","M134","null","Mouse","GGYPAKAAAT","TRAV6D-6","TRBV4","24.5","16","1975.8","null","0"
"6V1A","M134","null","Mouse","GGYRAPAKAAAT","TRAV6D-6","TRBV4","25.5","16.8","1907.3","null","0"
"6XC9","A3.10","HLA-DQ","Human","GQVELGGGNAVEVCKGS","TRAV38-1","TRBV5-1","NA","NA","2385.5","null","0"
"6XCO","A1.9","HLA-DQ","Human","GQVELGGGNAVEVCK","TRAV20","TRBV5-1","NA","NA","1400.2","null","0"
"6XCP","A2.13","HLA-DQ","Human","GQVELGGGNAVEVCKGS","TRAV26-1","TRBV5-1","NA","NA","1715.3","null","0"
"7SG0","null","null","Human","QPFPQPEQPFP","TRAV9-2","TRBV7-3","40.5","10.4","1983.6","null","0"
"7SG1","null","null","Human","QPFPQPELPYGSGGS","TRAV4","TRBV29-1","37.5","14.7","2308.9","null","0"
"7SG2","null","null","Human","QPFPQPEQPFPGS","TRAV4","TRBV29-1","37.1","14.3","2312.2","null","0"